[
  {
    "id": 1,
    "username": "user1",
    "email": "user1@example.com",
    "password": "password1"
  },
  {
    "id": 2,
    "username": "user2",
    "email": "user2@example.com",
    "password": "password2"
  },
  {
    "id": 3,
    "username": "user3",
    "email": "user3@example.com",
    "password": "password3"
  },
  {
    "id": 4,
    "username": "user4",
    "email": "user4@example.com",
    "password": "password4"
  },
  {
    "id": 5,
    "username": "user5",
    "email": "user5@example.com",
    "password": "password5"
  },
  {
    "id": 6,
    "username": "user6",
    "email": "user6@example.com",
    "password": "password6"
  },
  {
    "id": 7,
    "username": "user7",
    "email": "user7@example.com",
    "password": "password7"
  },
  {
    "id": 8,
    "username": "user8",
    "email": "user8@example.com",
    "password": "password8"
  },
  {
    "id": 9,
    "username": "user9",
    "email": "user9@example.com",
    "password": "password9"
  },
  {
    "id": 10,
    "username": "user10",
    "email": "user10@example.com",
    "password": "password10"
  },
  {
    "id": 11,
    "username": "newuser",
    "email": "newuser@example.com",
    "password": "password123"
  },
  {
    "id": 12,
    "username": "mark navarro",
    "email": "marknavarro@example.com",
    "password": "passwordmark"
  }
]